Company Name,Skill,Title
International Institute of Information Technology,"Counselor, Mentor, Trainer, Advisor, Educator, Teaching",75
"International Institute of Information Technology, Hyderabad",NA,47
Institute for Development and Research in Banking Technology,NA,30
CSC India Pvt Ltd.,"Change management, SAP, Project management, Configuration management...",16
Tata Communications Ltd,"Change management, Technology management, Helpdesk, QOS, Service assurance,...",8
Tata Communications Ltd,"Change management, Helpdesk, QOS, Service assurance, Networking...",8
Finite HR Consulting Private Limited,"Technical product configuration, c++, C, design, MySQL, JavaScript...",4
Axelta Systems Pvt.Ltd,"Wireless, EMI, English, Automation, C++, Online marketing, Presales, EMC...",4
DM CONSULTING (INDIA) PVT LTD,"assembly language, Six Sigma, PMP, C, JavaScript...",4
Evision Technoserve Pvt Ltd,"electronics, python, information technology, eee, ece, automation testing...",3
Wells Fargo India Solutions Pvt. Ltd.,"SAN, Performance tuning, jQuery, Coding, SSRS, Debugging, Javascript, WCF...",3
Spectraforce Technologies (India) Pvt. Ltd.,"us it recruiter, us it recruitment...",3
PEPSI FOODS PRIV LIMITED,"IT services, Supply chain, Automation, Information security, MIS...",3
NEER INTERACTIVE SOLUTIONS (P) Ltd,"erp, it services, information technology, dealing, documentation, english...",3
CSC India Pvt Ltd.,"Interpersonal skills, Business Analyst, Business analysis, Analytical, Test...",3
Technosoft Global Services Pvt Ltd,"international calling, call centre executive, technical support, fresher...",3
Vaave,"Cold calling, IT services, Automation, Email marketing, XML, MySQL, PHP...",3
SRS Business Solutions,"Microsoft Developer, Microsoft Dynamics CRM certifications...",3
Augusta Infotech,"C, Customer focus, Written communication, Programming, Presalesmicrosoft...",3
Deloitte Consulting India Private Limited,"Cism, Java EE, Cloud Security, CCSP, Cloud Foundry, Cissp, CISA, EAI...",2
Wells Fargo India Solutions Pvt. Ltd.,"Business services, SAN, Wealth management, Trade finance, Workflow...",2
Mitratech,"Linux Administration, Java, Websphere Application Server, Automation, SAP...",2
Deloitte Consulting India Private Limited,"Cloud Security, IT Asset Management, Identity Access Management...",2
Wells Fargo India Solutions Pvt. Ltd.,"SAN, Hibernate, Web services, jQuery, Db2, Agile, Asset management...",2
American Technology Consulting,"Product management, Computer science, Payment processing, Analytical, Agile...",2
Deloitte Consulting India Private Limited,"Cism, Cisa, Finance, Relationship Management, ISO 27001...",2
Deloitte Consulting India Private Limited,"Cism, Cisa, Compliance, ISO 27001, Information Security, Cissp...",2
Vistex Asia Pacific Pvt. Ltd.,"sap fico implementation, SAP CO, sap co consultant, profitability analysis,...",2
Bedouin,"trading, trade finance, structured finance, Lending, deal structuring...",2
Deloitte Consulting India Private Limited,"Financial Reporting, Financial Transformation, Finance Function, CMA...",2
Deloitte Consulting India Private Limited,"Learning, C#, Administration, Rest, Xamarin, SQLite, Xamarin.iOS...",2
Micron Technology Operations India LLP,"C#, CSS, Front End, NoSQL, Software Engineering, Web Technologies...",2
Vaave,"Cold calling, IT services, Automation, Email marketing, PHP...",2
VISUALPATH IT SERVICES PRIVATE LIMITED,"Educational Sales, Sales, cold calling, educational business development...",2
Cubic Transportation Systems India Pvt. Ltd.,"ERP, SAP, Networking, Helpdesk, Business analysis, Project management...",2
Cubic Transportation Systems India Pvt. Ltd.,"ERP, SAP, Networking, Helpdesk, Project management, Scheduling...",2
Lares Global Limited,"Analytical skills, Proposal writing, Data analysis, development, analytical...",2
Technosoft Global Services Pvt Ltd,"Validation, callings, Communication Skills, good communication, Excel...",2
Technosoft Global Services Pvt Ltd,"Web Content Management, Campaign management, Web Content...",2
Menlo Technologies,"development, css, software, HTML, it, JIRA, Information technology...",2
Lares Global Limited,"Analytical skills, Bench Sales, Data analysis, Consulting, Wordpress...",2
RISE Pvt. Ltd.,"IT services, LDAP, VPN, XML, Configuration management, Consulting...",2
Technosoft Global Services Pvt Ltd,"tech support, service desk, it support, Technical Support, it helpdesk",2
Tecnics IntegrationTechnologies Pvt. Ltd.,"angular, Algorithms, information technology, performance tuning...",2
Capgemini Technology Services India Limited,"Consultant 4, Disaster recovery, Subject Matter Expert...",2
DXC Technology,"Business administration, Interpersonal skills, Business Analyst...",2
Pegasystems Worldwide India Pvt. Ltd.,"Networking, VPN, Active directory, Agile, Pega, Windows, WiFi...",2
CSC India Pvt Ltd.,"Interpersonal skills, Business Analyst, Professional, Business analysis...",2
CSC India Pvt Ltd.,"Change management, SAP, Performance management, Business analysis...",2
CSC India Pvt Ltd.,"Business administration, Interpersonal skills, Business Analyst...",2
T & A Solutions,"rest, c, code, technical, hr solutions, it, ios, xcode, cocoa...",2
Dell International Services India Private Limited,"Intrusion Detection, Networking, Security+, Network Security...",2
Wells Fargo India Solutions Pvt. Ltd.,"Unix, SAN, Performance tuning, Application support, Asset management...",2
Amazon India Software Dev Centre Pvt Ltd,"IIS, Project management, Debugging, Javascript, Agile, WCF, microsoft...",2
Wells Fargo India Solutions Pvt. Ltd.,"SAN, Data migration, Manager Quality Assurance, Networking, EMC...",2
Novartis Healthcare Pvt. Ltd.,"IT services, Business services, Change management, Business Analyst...",2
Sutherland Global Services Inc,"Computer science, jQuery, Analytical, Javascript, Agile, Microsoft Dynamics...",2
AXCESS CONSULTANCY SERVICES,"Hibernate, Core Java, Web services, Analytical, Agile development...",2
Allegis Services India Pvt. Ltd.,"technical architecture, meeting solutions, unified communications, pbx...",2
Aadvi Tech. Solutions,"Azure, DevOps, WebAPI, Cloud Services, .Net, Cloud Migration...",2
Synchrony International Services Private Limited,"Automation, Assurance, Information security, SOC, Analytical, Consulting...",2
HR Devi and Associates,"assembly language, Six Sigma, PMP, C, JavaScript...",2
Synchrony International Services Private Limited,"Computer science, Maven, GIT, RDBMS, Project management, Analytical, Agile,...",2
Secureworks,"Unix, MS SQL, Coding, Debugging, EMC, Scrum, Informatica, Teradata...",2
ACS Global Tech Solutions Pvt. Ltd.,"Tax Planning, Tax Returns, Accounting, Direct Tax, Finance, Sales Tax...",2
Novartis Healthcare Pvt. Ltd.,"Business process, Business services, Service delivery...",2
Experia Services,"Payroll, Office Administration, statutory compliance, HR consulting...",2
Amazon India Software Dev Centre Pvt Ltd,"Automation, Data modeling, Project management, Agile, Customer service...",2
Hetero Drugs Limited,"SAP Fiori, Odata, CSS, JQuer, SAPUI5, XML, HTML5, MVC Framework, Javascript...",2
Affluent Global Services Pvt. Ltd.,"powershell, powerCLI, server automation, windows server, deployment",2
Amazon India Software Dev Centre Pvt Ltd,"Computer science, Automation, Architecture, Project management...",2
Novartis Healthcare Pvt. Ltd.,"Computer science, Solution architecture, metadata, Data management, PLSQL...",2
Amazon India Software Dev Centre Pvt Ltd,"Computer science, Automation, Architecture, Configuration management...",2
Novartis Healthcare Pvt. Ltd.,"Computer science, Service management, Solution architecture, PMP...",2
"Advanced Micro Devices, Inc.","Telecom, Networking, WAN, Network security, CCNA, Troubleshooting...",2
Riconz Technologies,"Technical Architect, Java, Azure, Cloud, .Net, Cloud Migration, ASP.NET MVC...",1
Spot In Job Consultancy,"HR Administrator, Staffing, Web development, Consultancy...",1
Spot In Job Consultancy,"Drupal, XML, Wordpress, Javascript, PHP, HTML, JSON, Open source, Joomla...",1
Spot In Job Consultancy,"Graphics, Graphic designing, PDF, Illustrator, Staffing, Corel Draw...",1
Roopa Soft LLP,"quantitative skills, be, analytical, software, net technologies, academic...",1
Spot In Job Consultancy,"HR Administrator, PDF, Staffing, Wordpress, Manager Technology, PHP...",1
Roopa Soft LLP,"be, analytical, net technologies, academic...",1
Spot In Job Consultancy,"Front end, Web development, Debugging, CMS, PHP, Troubleshooting, Ruby...",1
Spot In Job Consultancy,"Graphics, PDF, Staffing, Animation, Consultancy, Scheduling...",1
Roopa Soft LLP,"Computer science, Training, System testing, Analytical, Test Associate...",1
Roopa Soft LLP,"Computer science, Training, System testing, Analytical, Software Associate,...",1
Sathguru Management Consultants Pvt Ltd,"Social media marketing, Printing, Public relations, Web analytics...",1
Riconz Technologies,"C#, Cloud Platform AWS, Web API or WCF, Azure, VB.NET, SQL Server...",1
Recruise India Consulting Pvt. Ltd.,"Communication Skills, Design Development, Written Communication, Networking...",1
Spruce IT Pvt. Ltd.,"screening, recruitment, Bench Sales Recruiter, h1b...",1
Quantega,"Computer science, Networking, IT strategy, query, Infrastructure...",1
Quantega,"Computer science, Telecom, Administration, Interpersonal skills, WAN...",1
Quantega,"Front end, Disaster recovery, DBMS, Management, Troubleshooting...",1
Quantega,"Procurement, Computer science, Technical management, Network administration...",1
Quantega,"Unix, JMS, Linux, RDBMS, Oracle, EJB, Open source, Middleware...",1
Quantega,"management information system, Staffing, Organizational development...",1
Quantega,"management, Intellectual property, Strategic planning...",1
Spot In Job Consultancy,"Web development, Debugging, CMS, PHP, HTML, Troubleshooting, Ruby...",1
Spot In Job Consultancy,"Version control, Coding, Staffing, Javascript, HTML, Scheduling...",1
Spot In Job Consultancy,"Software design, Visual Basic, Javascript, MVC, Troubleshooting...",1
Spot In Job Consultancy,"PSD, Illustrator, Javascript, HTML, Scheduling, SEO, Photoshop, Information...",1
Spot In Job Consultancy,"PDF, Staffing, MySQL, SMS, PHP, HTML, Scheduling, Information technology...",1
Ram IT Solutions,"IT services, Service management, Performance management...",1
Raytex IT Services.,"Unix, Administration Manager, Networking, WAN, LAN, Active directory, DNS...",1
Spot In Job Consultancy,"Drupal, MySQL, Javascript, PHP, HTML, Scheduling, Stored procedures...",1
Rechlinks Private Limited,"Java, CSS, Android Developer, Amazon Ec2, Github, Html5...",1
Rope Media Pvt. Ltd.,"Hibernate, Core Java, Web services, Analytical, Agile development...",1
Spectrum,"mapping, test management, content activation, solman, trex, sld, rslaf, occ...",1
Spot In Job Consultancy,"Backend, Usage, PDF, MIN, Programming, Manager Technology, PHP, Consultancy...",1
Secureworks,"Unix, Application support, Linux, RDBMS, EMC, Informatica, Oracle, Teradata...",1
Shuchita Technologies (P) Ltd.,"Computer science, Sql Server 2008, server, jQuery, .NET framework, .Net, HR...",1
SENECAGLOBAL IT SERVICES PRIVATE LIMITED,"senior ui developer, redux, ui developer, css, ui development, js, react...",1
"SILICON TECH SOLUTIONS, INC","Badis, MM, Data Dictionary, GTS, Function Modules, Alv, RFC, SD, SAP ABAP...",1
Quality Thought Infosystems (India) Private Limited,"Training, Maven, data science, Linux, devops, Artificial Intelligence...",1
SKS Enterpprises,"c#, continuous integration, c++, c, appium, automation testing...",1
SONATA SOFTWARE LIMITED,"Networking, SOA, VPN, Billing, DNS, Application development, Visual Studio,...",1
SONATA SOFTWARE LIMITED,"sql azure, microsoft azure, networking, vs",1
SRS Business Solutions,"C#, Angularjs, Microsoft Dynamics CRM certifications, MS Dynamics CRM...",1
Secureworks,"Interpersonal skills, Architecture, Enterprise applications, Analytical...",1
Rope Media Pvt. Ltd.,"MVVM, Agile development, Swift, ios development, Information technology",1
SRS Business Solutions India Pvt. Ltd.,"C#, Angularjs, MS Dynamics CRM, C#.Net, Javascript, Entity Framework...",1
Secureworks,"Analytical skills, tableau, Excel, SSAS, data governance, EMC, Informatica,...",1
SYMPHONI HR,"Network Engineering, Networking, GM, Hardware, Network Administration...",1
Sahasya Global Solutions,"Computer science, Automation, Db2, Postgresql, MySQL, Debugging...",1
Sahasya Global Solutions,"VMware, server, Networking, technical, Technical writing, administration...",1
Sahasya Global Solutions,"code, technical, software, Schema, developing, tools, cloud, database, java...",1
Sahasya Global Solutions,"technical, software, System programming, testing, it, Troubleshooting...",1
Sai Sectretarial Services,"Computer science, Hibernate, MS SQL, jQuery, UML, Javascript, Life sciences...",1
SAP Labs India Pvt. Ltd.,"oracle pl, sql queries, java, customer service, Informatica, etl, unix...",1
S2TECH.COM INDIA PVT LTD,"Design, information technology engineering, Coding, Software Engineering...",1
Siemens Limited,"metadata, Web services, Cloud Applications, SFDC, Salesforce.com...",1
S-Square Data Systems Private Limited,"Unix, TIBCO Administrator, TIBCO BW, Oracle Fusion Middleware, XML...",1
Rope Media Pvt. Ltd.,"continuous integration, Spring mvc, Web services, Payment systems...",1
Rroot Shell Technologies Private Limited,"SAP BO, Management Services, Performance Optimization...",1
Sathguru Management Consultants Pvt Ltd.,"external communication, media relations, newsletters...",1
Ryan India Tax Services Pvt. Ltd.(Great Place to Work Certified),"Database Administration, dba, Powershell, SSRS, SAS 70, SQL Server, Telerik...",1
Spectrum,"d365, senior management, project management, erp, project development...",1
S&P Global Inc.,"Data analysis, metadata, analytical, functions, Database design, level...",1
Spectrum,"SAP ECC, cloud integration, Application Lead, supply planning...",1
S-Square Data Systems Private Limited,"Dataguard, Exadata, Oracle SQL, RAC, Cloning, Oracle DBA, Patching...",1
Spacelabs Healthcare,"Wireless, Telecom, Networking, WAN, VPN, VOIP, Healthcare, cisco...",1
Solugenix India Private Limited,"splunk, Dashboards, unix",1
Solugenix India Private Limited,"Java, CVS, Agile Methodology, Weblogic, Web Technologies, Aem...",1
Smart IMS (India) Pvt. Ltd,"Cold calling, Managed servicesMPLS, Networking, Diagnostics, Appliances...",1
S-Square Data Systems Private Limited,"Unix, Control - M, Linux, Oracle Database, Cognos, PLSQL, Informatica...",1
Skillsoft,"Unix, Automation, Linux, Networking, Technical writing, Javascript, Perl...",1
Skillsoft,"Computer science, Tomcat, IIS, SOA, Coding, Technical writing, MySQL...",1
S-Square Data Systems Private Limited,"Unix, R12, Cloning, Weblogic, Oracle Apps Dba, PLSQL, Patching, Demantra...",1
Skill On Tap,"Java, Webservices Testing, Automation Testing Tools, API Testing...",1
2Coms Consulting Pvt Ltd.,"CSS, MS SQL, Angular.js, JavaScript, HTML, JQuery, Oracle",1
Planon,"server, development, Performance management, software, Web development...",1
Quality Thought Infosystems (India) Private Limited,"Training, Maven, data science, Linux, Export import, devops...",1
Okda Solutions,"java, data science, .net, software engineering, machine learning...",1
Novartis Healthcare Pvt. Ltd.,"Service delivery, ERP, SAP, Development Expert, Technical design, Legal...",1
Novartis Healthcare Pvt. Ltd.,"Service delivery, IT services, Business services, IT strategy, Pharma...",1
Novartis Healthcare Pvt. Ltd.,"Service delivery, IT services, Computer science, SOA, Pharma, Healthcare...",1
Novartis Healthcare Pvt. Ltd.,"Service delivery, IT services, PMP, Consulting, Healthcare...",1
Novartis Healthcare Pvt. Ltd.,"Service delivery, Unix, IT services, Computer science, SAN, Healthcare...",1
Novartis Healthcare Pvt. Ltd.,"Service management, Relationship management, Architecture, Technical design...",1
Novartis Healthcare Pvt. Ltd.,"Service management, Solution architecture, Relationship management...",1
Novartis Healthcare Pvt. Ltd.,"Solution architecture, Application integration, Architecture, Coding...",1
Novartis Healthcare Pvt. Ltd.,"Solution architecture, Enterprise architecture, Legal...",1
Novartis Healthcare Pvt. Ltd.,"Solution architecture, Relationship management, Business services, Solution...",1
Novartis Healthcare Pvt. Ltd.,"Solution architecture, Service delivery, Compliance, Technical design...",1
Novartis Healthcare Pvt. Ltd.,"Solution design, Business consulting, Quality standards, SAP, Architecture,...",1
Novartis Healthcare Pvt. Ltd.,"Solution design, ERP, Business consulting, Quality standards, SAP, Customer...",1
Novartis Healthcare Pvt. Ltd.,"System architecture, Business analysis, Management systems...",1
Novartis Healthcare Pvt. Ltd.,"Unix, Performance tuning, C++, Linux, Enterprise applications, Windows...",1
Novartis Healthcare Pvt. Ltd.,"Unix, System architecture, advanced analytics, Solution design...",1
Novartis Healthcare Pvt. Ltd.,"advanced analytics, Data management, Architecture, Compliance, Consulting...",1
Novartis Healthcare Pvt. Ltd.,"operational support, development testing, Architecture, Compliance...",1
Novartis Healthcare Pvt. Ltd.,"security architect, Drupal, JBoss, Information security, Healthcare, HTTP...",1
Novartis Healthcare Pvt. Ltd.,"security architect, ERP, Change management, Cisa, Coding, Consulting...",1
OPTIMIZED SOLUTIONS,"server, development, oracle, functions, Project management, Workflow...",1
OSI DIGITAL PRIVATE LIMITED,"c#, mvc framework, asp.net mvc, reporting services, oops, sql server...",1
OSI Systems Pvt Ltd,"Wireless, Telecom, Networking, WAN, VPN, VOIP, Healthcare, cisco...",1
Novartis Healthcare Pvt. Ltd.,"Relationship management, Technical operations, Access management, Cloud...",1
Novartis Healthcare Pvt. Ltd.,"Procurement, Computer science, Service management, Networking, IVR, CCNA...",1
Novartis Healthcare Pvt. Ltd.,"Procurement, Computer science, Service delivery, Change management...",1
Novartis Healthcare Pvt. Ltd.,"IT services, Change management, Content management, Project management...",1
Novartis Healthcare Pvt. Ltd.,"Computer science, Technical Architect, Matrix, Coding, Architectural design...",1
Novartis Healthcare Pvt. Ltd.,"Computer science, Time management, Web development, Javascript, Application...",1
Novartis Healthcare Pvt. Ltd.,"Computer science, operational support, Version control, orchestration...",1
Novartis Healthcare Pvt. Ltd.,"Crisis management, Data management, Access management, Problem management...",1
Novartis Healthcare Pvt. Ltd.,"GIS, Computer science, Operations Manager, AS400, Control-M, Healthcare...",1
Novartis Healthcare Pvt. Ltd.,"GIS, Service management, Application support, French, Access management...",1
Novartis Healthcare Pvt. Ltd.,"IT services, Automation, Content management, Information security...",1
Novartis Healthcare Pvt. Ltd.,"IT services, Automation, Information security, Configuration management...",1
Novartis Healthcare Pvt. Ltd.,"IT services, Business services, operational support, Service level...",1
Novartis Healthcare Pvt. Ltd.,"IT services, Change management, Business Analyst, Process documentation...",1
Novartis Healthcare Pvt. Ltd.,"IT services, Change management, Project estimation, Business Analyst...",1
Novartis Healthcare Pvt. Ltd.,"Procurement, Business services, Change management, PMP, IT strategy...",1
Novartis Healthcare Pvt. Ltd.,"IT services, Computer science, Change management, Problem management...",1
Novartis Healthcare Pvt. Ltd.,"IT services, Computer science, ERP, Business consulting...",1
Novartis Healthcare Pvt. Ltd.,"IT services, Computer science, Lead Operations, Problem management...",1
Novartis Healthcare Pvt. Ltd.,"IT services, Computer science, Problem management, Incident management...",1
Novartis Healthcare Pvt. Ltd.,"IT services, Computer science, Service management, WAN, Problem management,...",1
Novartis Healthcare Pvt. Ltd.,"IT services, PMP, Pharma, Consulting, Healthcare, Business strategy...",1
Novartis Healthcare Pvt. Ltd.,"IT services, Problem management, Customer service, Business continuity...",1
Novartis Healthcare Pvt. Ltd.,"IT services, Service management, Problem management, Healthcare...",1
Novartis Healthcare Pvt. Ltd.,"IT services, security architect, LDAP, HP data protector...",1
Novartis Healthcare Pvt. Ltd.,"Performance tuning, IIS, JBoss, WAN, Project management, Weblogic, Apache...",1
OSI Systems Pvt. Ltd.,"iso 27001, trend micro, it security, security analysis, qradar, soc...",1
OpsMx,"English, Written Communication, Communications, Technical Writer...",1
Quality Systems India Healthcare Pvt Ltd,"development, code, software, Postgresql, Information technology, quality...",1
OpsRamp,"Computer science, Email, Linux, Helpdesk, Cisco, Windows, microsoft...",1
Pathfinder Management Consulting (India) Ltd.,"Database Administration, SQL Azure, hadr solution, azure",1
Pegasystems Worldwide India Pvt. Ltd.,"VMware, Linux, Active directory, Incident management, Pega, Windows, MCSE...",1
Pegasystems Worldwide India Pvt. Ltd.,"VMware, Redhat Linux, Access management, Network operations...",1
Pentagon Consultancy Services,"Tomcat, Linux, Solaris, JBoss, Shell scripting, PLSQL...",1
People Value Consulting,"Construction Operations, Program Management, Project Management",1
Personal Network. Ltd,"Senior Design Engineer, PROC, Technology consulting, Networking, RDBMS...",1
Personal Network. Ltd,"Technical product configuration, c++, C, design, MySQL, JavaScript...",1
Planon,"server, Tomcat, development, software, JBoss, Web development, HTML...",1
Process360 Pvt Ltd,"business ops manager, information technology, business ops executive...",1
Progress Software Development Pvt Ltd,"Aix, VMware, SAN, C++, Automation, Linux, Solaris, Configuration management...",1
Proxim Quest It Solutions Private Limited,"server, Content management, development, Filenet, analytical...",1
Pyramid IT Consulting Pvt Ltd.,"head hunting, talent acquisition, us it recruitment, screening, recruitment...",1
QUANTIUM ANALYTICS PRIVATE LIMITED,"Team Management, Angularjs, Product Management, people management...",1
QUANTIUM ANALYTICS PRIVATE LIMITED,"xaml, c#, GIT, CI / CD Pipeline, automation engineering, .net, wpf...",1
Quadruple Automation Services Pvt Ltd,"Socket programming, Automation, software, JBoss, mobile, mca, jdbc, it...",1
Quality Systems India Healthcare Pvt Ltd,"Administration, Interpersonal skills, Claims, Senior Executive...",1
Quality Systems India Healthcare Pvt Ltd,"C, code, technical, software, JSON, microsoft, sql, Coding, web, design...",1
Quality Systems India Healthcare Pvt Ltd,"Core Java, Manager Quality Assurance, Configuration management, Agile, JDBC...",1
Quality Systems India Healthcare Pvt Ltd,"Front end, SOA, Data modeling, MySQL, Flex, Healthcare, Unit testing...",1
Quality Systems India Healthcare Pvt Ltd,"MS SQL, Project management, Web development, Agile, HTTP, Windows, Oracle...",1
Quality Systems India Healthcare Pvt Ltd,"code, technical, software, configuration, developing, HTML, sql, java, web,...",1
Quality Systems India Healthcare Pvt Ltd,"code, technical, software, microsoft, sql, Coding, web, design, debugging...",1
Quality Systems India Healthcare Pvt Ltd,"css, code, technical, software, configuration, HTML, sql, java, web, design...",1
Pathfinder Management Consulting (India) Ltd.,"C#, Powershell, System Analysis, Microsoft Azure, .Net, Problem Management,...",1
Pathfinder Management Consulting (India) Ltd.,"Big Data, Bigdata",1
Pamten Software Solutions Pvt. Ltd.,"Process design, PMP, Business Analyst, User interface designing...",1
Oruganti Consultants,"Unix, Java, Multithreading, Project Management, Design Patterns, OOAD, OOPS...",1
OpsRamp,"Computer science, Networking, Linux, Technical writing, MySQL, microsoft...",1
Optimum InfoSystem Pvt. Ltd.,"python, REST, java, Scrum Master, Nagios, shell scripting, SOAP, TIVOLI",1
"Optum, a UnitedHealth Group Company","Associate Director - Medical Coding - Hyderabad, TS",1
"Optum, a UnitedHealth Group Company","Cloud - Hyderabad, Technical Lead Java, TS",1
"Optum, a UnitedHealth Group Company",Senior Technical Support Analyst - Hyderabad Multiple Locations,1
"Optum, a UnitedHealth Group Company",Software Engineering Analyst - Java Fullstack - Multiple Locations,1
"Optum, a UnitedHealth Group Company","TS Multiple Locations, Architect - Hyderabad",1
Oravel Stays Private Limited,"TCP, Networking, Network Engineer, VPN, Routing, L3VPN, Bgp, CCNA, MPLS...",1
Oruganti Consultants,"Java, PMP, Project Management, System Design, Design Patterns, OOAD, SaaS...",1
Oruganti Consultants,"Java, R&D Manager, Project Management, Design Patterns, UML, OOAD, Database...",1
Oruganti Consultants,"Unix, Java, Project Management, Design Patterns, UML, OOAD, OOPS...",1
Pamten Software Solutions Pvt. Ltd.,"PMP, Email, Doc, Risk, General management, Information technology, closure,...",1
PEPSI FOODS PRIV LIMITED,"Automation, Data modeling, Project management, Information security, MIS...",1
PEPSI FOODS PRIV LIMITED,"IT services, Automation, Data modeling, Information security, MIS...",1
PEPSI FOODS PRIV LIMITED,"Procurement, IT services, Change management, IT strategy...",1
PEPSI FOODS PRIV LIMITED,"SAN, Automation, Hyperion, Information security, Consulting, Teradata...",1
PEPSI FOODS PRIV LIMITED,"Supply chain, IT services, Automation, MIS, Information security...",1
PEPSI FOODS PRIV LIMITED,"Supply chain, IT services, Automation, Publishing, Information security...",1
PEPSI FOODS PRIV LIMITED,"Supply chain, IT services, Computer science, Automation, MIS...",1
PIRAMAL Foundation,"system analysis, software development process, workflow analysis...",1
Pamten Software Solutions Pvt. Ltd.,"Business process, Process design, Computer science, PMP, PDF...",1
Pamten Software Solutions Pvt. Ltd.,"Computer science, Business process, System testing, PMP, Project management...",1
Srinsoft Technologies Pvt. Ltd.,"pega prpc, software development, pega developer, pega rules commander, pega...",1
Synchrony International Services Private Limited,"Computer science, Performance tuning, Automation, metadata, NoSQL, PDF...",1
Stalwart Management Consulting,"Team leading, SAS, Pharma, Management consulting, Life sciences...",1
Wells Fargo India Solutions Pvt. Ltd.,"SAN, Automation, Support Analyst, Production support, Asset management...",1
Wallero Technologies,"Computer science, Staffing, Information security, Corporate...",1
Web Synergies (India) Pvt. Ltd,"algorithms, development, SAS, analytical, mobile, Business intelligence...",1
Wells Fargo India Solutions Pvt. Ltd.,"Aix, SAN, Automation, Linux, Networking, Db2, Database Analyst, Windows...",1
Wells Fargo India Solutions Pvt. Ltd.,"Automation, MS SQL, jQuery, Networking, XML, Javascript, HTML, Perl, Oracle...",1
Wells Fargo India Solutions Pvt. Ltd.,"Computer science, SAN, Support Analyst, Db2, PLSQL, Asset management...",1
Wells Fargo India Solutions Pvt. Ltd.,"Data analysis, Manager Quality Assurance, Trade finance, Asset management...",1
Wells Fargo India Solutions Pvt. Ltd.,"Microstrategy, SAN, Data analysis, Db2, Informatica, Asset management...",1
Wells Fargo India Solutions Pvt. Ltd.,"Microstrategy, SAN, Performance tuning, Db2, Coding, Asset management...",1
Wells Fargo India Solutions Pvt. Ltd.,"Relationship management, Change management, Trade finance...",1
Wells Fargo India Solutions Pvt. Ltd.,"SAN, Application support, Db2, Performance testing, Application development...",1
Wells Fargo India Solutions Pvt. Ltd.,"SAN, Bfsi, Application development, Informatica, Test cases, Oracle...",1
Wells Fargo India Solutions Pvt. Ltd.,"SAN, System architecture, Automation, SAS, Eclipse...",1
Wells Fargo India Solutions Pvt. Ltd.,"SAN, Change management, Networking, Production support, RDBMS...",1
Wells Fargo India Solutions Pvt. Ltd.,"SAN, Configuration management, SSRS, Agile, PLSQL, Stored procedures...",1
Wells Fargo India Solutions Pvt. Ltd.,"SAN, Data modeling, Configuration management, SSRS, SSIS, Teradata...",1
Wells Fargo India Solutions Pvt. Ltd.,"SAN, Db2, Informatica, Unit testing, Teradata, Risk management, Information...",1
Wells Fargo India Solutions Pvt. Ltd.,"SAN, Due diligence, Trade finance, Workflow, Asset management...",1
Wells Fargo India Solutions Pvt. Ltd.,"SAN, Hibernate, Configuration management, Workflow, Asset management...",1
Wells Fargo India Solutions Pvt. Ltd.,"SAN, Linux, Production support, Database design, Configuration management...",1
Wells Fargo India Solutions Pvt. Ltd.,"SAN, MS SQL, Data analysis, MS Access, SSRS, Windows, SSIS, Documentum...",1
Wells Fargo India Solutions Pvt. Ltd.,"SAN, Performance tuning, Hibernate, Web services, JSP...",1
Wells Fargo India Solutions Pvt. Ltd.,"SAN, Performance tuning, MS SQL, Database design, SSRS, JSON...",1
Vistex Asia Pacific Pvt Ltd,"Backend, Automation, Network administration, Linux, Analytical...",1
Vimbri Media Pvt. Ltd. (The Dollar Business),"Networking, WAN, LAN, Antivirus, IT Hardware, Switching...",1
Verizon Data Services India Pvt.Ltd,"Unix, XML, JSP, HTML, Application development, HTTP, Windows, Selenium...",1
Value Consulting,"development, erp, project management, information technology, pre sales...",1
Technosoft Global Services Pvt Ltd,"senior hrbp, payroll processing, human resource bp, lead hrbp, hrbp, hr bp,...",1
Technosoft Global Services Pvt Ltd,"technical knowledge, revenue avoided, people management, customer service...",1
Technosoft Global Services Pvt Ltd,"technical knowledge, revenue avoided, people management, team handling...",1
Techron Systems Private Limited,"sql400, order management, infor m3, infor xa user security, rpg, clle...",1
Tecnics IntegrationTechnologies Pvt. Ltd.,"oracle financial SME, oracle, oracle financial functional consultant...",1
Tectoro Consulting Pvt Ltd,"Computer science, IIS, Javascript, Agile, PHP, HTML, MVC, Visual Studio...",1
Teradata India Private Limited,"Java, C++, Software Development, C, Software Engineering, RDBMS...",1
Teradata India Private Limited,"Unix, System Programming, C++, Software Development, C, RDBMS...",1
The U.S. Pharmacopeial Convention (USP),Information Technology,1
Thinksure Information Technology Private Limited,"C#, Application Development, Effective Communication Skills, Dynamics CRM...",1
Thinksure Information Technology Private Limited,IT Recruitment,1
Thinksure Information Technology Private Limited,"client relationship management, stakeholder management, recruitment, client...",1
Thinksure Information Technology Private Limited,"interviewing, IT Recruiter, it recruitment, screening, hiring...",1
Trasers,"Computer science, jQuery, Front end, MySQL, Debugging, Consulting...",1
Trigent Software Limited,"bpo, voice process, international bpo, international voice process...",1
Trigent Software Limited,"voice process, information technology, International Call Center...",1
UTC Fire and Security India Ltd.,"Identity Access Management, active directory...",1
United Global Soft,"jQuery, LINQ, UML, XML, HTML, WCF, WPF, SDLC, SQL, DHTML",1
United States Pharmacopeia-India (P) Limited,"Computer science, Software design, Technical management, Production support...",1
Urenok Software Solutions Pvt Ltd,"technical support, product support, customer management...",1
VSPLASH TECHLABS Pvt.Ltd,Product Management,1
Wells Fargo India Solutions Pvt. Ltd.,"SAN, RDBMS, TDD, Pega, Asset management, Risk management...",1
Wells Fargo India Solutions Pvt. Ltd.,"SAN, System testing, Db2, Informatica, Teradata, Risk management...",1
Technosoft Global Services Pvt Ltd,"sales operations, technical support, english communication...",1
itForte Staffing Services Private Ltd.,"Computer science, Cocoa touch, UX, Agile, SDK, IOS, Photoshop...",1
enVista,"Computer science, Application support, Publishing, jQuery, Analytical...",1
enVista,"Computer science, SQL queries, Core Java, Relationship, Programming, PLSQL,...",1
hCapital Business Consulting Private Limited,"Internal Audit, Director, tax, accounts, accounting, cost analysis...",1
i2t2 India Ltd,"development, Business Analyst, Architectural design, Tools, Gap analysis...",1
iSpatial Techno Solutions Pvt Ltd.,"Analytical skills, Basic, bca, development, VB.NET, analytical, software...",1
iconma Professional Services & Solution Pvt. Ltd.,"US Staffing, fresher, IT Recruitment, technical recruitment...",1
inVentiv International Pharma Services Pvt. Ltd.,"security, courier, special economic zone, administration...",1
itForte Staffing Services Private Ltd.,", objective c, mobile application, photoshop, agile, sdk, xcode, roid...",1
itForte Staffing Services Private Ltd.,"Computer science, Change management, Email, ISO, XML, Service, HTML...",1
itForte Staffing Services Private Ltd.,"Computer science, Change management, Email, Networking, ISO, XML, Service...",1
itForte Staffing Services Private Ltd.,"Computer science, Cocoa touch, UX, User interface designing, Illustrator...",1
Wells Fargo India Solutions Pvt. Ltd.,"SAN, Web services, Simulation, Coding, Debugging, J2Ee, Asset management...",1
itForte Staffing Services Private Ltd.,"Computer science, UI, User interface designing, Illustrator, Analytical...",1
itForte Staffing Services Private Ltd.,"Domino, VMware, Maven, Manager Quality Assurance, Version control, GIT...",1
itForte Staffing Services Private Ltd.,"Domino, VMware, Maven, Manager Quality Assurance, devops...",1
itForte Staffing Services Private Ltd.,"ISO, XML, JSP, Salesforce.com, Tools, Service, JSON, Information technology...",1
itForte Staffing Services Private Ltd.,"Networking, ISO, XML, JSP, MIS, JSON, Troubleshooting...",1
itForte Staffing Services Private Ltd.,"configuration management, release management, information technology...",1
itForte Staffing Services Private Ltd.,"configuration management, release management, software development, nagios,...",1
itForte Staffing Services Private Ltd.,"java, iso, mis, xml, html, call center, change management, javascript",1
lean infotech,"Unix, Application support, Content management, development, technical...",1
teradata corporation s,"Unix, Linux, RDBMS, Coding, Debugging, Data structures, Windows...",1
eNFLUENCE IT Services,"QoS, Windows Server, IT Administrator, Cisco, DNS, System Administration...",1
eNFLUENCE IT Services,"QoS, Windows Server, Cisco, DNS, System Administration...",1
eNFLUENCE IT Services,"Business Analyst, Project Management, System Design, Integration Testing...",1
eBusinesswall IT Solutions,"Operations management, Management Associate, PDF, Linux, Software Associate...",1
Wells Fargo India Solutions Pvt. Ltd.,"SAN, jQuery, SSRS, Javascript, HTML, Asset management, SSIS...",1
Wells Fargo India Solutions Pvt. Ltd.,"Trade finance, Database Analyst, Asset management, Oracle, Risk management,...",1
Wells Fargo India Solutions Pvt. Ltd.,"UI development, SAN, Front end, Scrum, Asset management, microsoft...",1
Wells Fargo India Solutions Pvt. Ltd.,"Unix, SAN, Application support, Support Analyst, Linux...",1
Wells Fargo India Solutions Pvt. Ltd.,"Unix, SAN, Tomcat, Application support, Production support, Weblogic, Perl,...",1
Wells Fargo India Solutions Pvt. Ltd.,"VMware, SAN, Support Analyst, Networking, Production support, Solaris...",1
Win Information Technology Pvt. Ltd.,"Business Analyst, Consumer Goods Sales, Blue Print consultant, FMCG Sales...",1
Win Information Technology Pvt. Ltd.,"C#, Angular JS, MS SQL, ADO.Net, Dot Net Developer, asp.net, MySQL, .Net...",1
Win Information Technology Pvt. Ltd.,"C#, Dot Net Developer, .Net 3.5 C#, WPF, Angular, WF, Angular JS, MS SQL...",1
Win Information Technology Pvt. Ltd.,"CSS, jQuery, LINQ, XML, SQLite, Javascript, .Net, JSON, Webservices, MVC",1
Win Information Technology Pvt. Ltd.,"SSRS, BI / DW, SQL Server, SSIS, SQL, T - SQL",1
Windel Solutions,"Wordpress CMS, css, code, software, Database design, CMS...",1
Xenosoft Technologies India Pvt Ltd,"VMware, Networking, V, Postgresql, Active Directory Administration, DNS...",1
Yellowpages.in,"Excel, HR operations, google apps, hr solutions...",1
Young India Information Technology Services (P) Lt,"ERP, technical, developer",1
Young India Information Technology Services (P) Lt,"Performance tuning, code, android, developing, JSON, Troubleshooting, tools...",1
Young India Information Technology Services (P) Lt,"SSRS, Sharepoint, SQL",1
Young India Information Technology Services (P) Lt,"Sales, Subject Matter Expert, Research",1
Young India Information Technology Services (P) Lt,"c#, server, developing, Stored procedures, triggers, sql, SQL queries...",1
Young India Information Technology Services (P) Lt,"development, solid, html5, CMS, mobile, developing, HTML, jQuery mobile...",1
Zessta Software Services Pvt. Ltd,"Database architecture, C++, Usage, development, code, solid, methods...",1
Technosoft Global Services Pvt Ltd,"sales specialist, technical support, excellent communications...",1
Technosoft Global Services Pvt Ltd,"conflict management, hr generalist activities, Senior HR Executive...",1
Sunera Technologies.,"Performance tuning, code, technical, analytical, software, administration...",1
Synchrony International Services Private Limited,"Unix, Business objects, HRM, PDF, SAS, Data management, Analytical, Agile...",1
Synchrony International Services Private Limited,"Data analysis, PDF, Agile, Data processing, Data structures, Informatica...",1
Synchrony International Services Private Limited,"Front end, Production support, Coding, JSP, Web development, Agile, HTML...",1
Synchrony International Services Private Limited,"HRM, PDF, Action plan, Agile, Design development, Scrum, Management, JIRA...",1
Synchrony International Services Private Limited,"Manager Internal Audit, Reinsurance, PDF, ISO, Cisa, Project management...",1
Synchrony International Services Private Limited,"PDF, Access management, data security, Information security, Analytical...",1
Synchrony International Services Private Limited,"Performance tuning, Change management, Data management...",1
Synchrony International Services Private Limited,"Performance tuning, Cloud computing, Performance testing, Active directory,...",1
Synchrony International Services Private Limited,"Procurement, PCI DSS, HRM, PDF, Cisa, Information security, Analytical...",1
Synchrony International Services Private Limited,"Relationship management, Symantec, Computer science, Data management...",1
Synchrony International Services Private Limited,"Unix, Assurance, PDF, Process improvement, Information security, Analytical...",1
Synchrony International Services Private Limited,"Unix, Computer science, Application support, PDF, Linux, Diagnostics, Agile...",1
T & A Solutions,"c++, C, HTML, mca, bootstrap, tools, jquery, sql...",1
Synchrony International Services Private Limited,"Unix, Computer science, Change management, Networking, Linux...",1
Synchrony International Services Private Limited,"Unix, HRM, PDF, Solaris, Project management, Analytical, Web designing...",1
Synchrony International Services Private Limited,"Unix, Manual testing, LDAP, Active directory, Agile, Scrum, Test cases, QTP...",1
Synchrony International Services Private Limited,"VMware, Assurance, Automation, Information security, DNS, Network security,...",1
Synchrony International Services Private Limited,"remediation, Operational excellence, PDF, Process improvement...",1
Synchrony International Services Private Limited,"remediation, PDF, Data management, Technical writing, VLOOKUP, Macros...",1
T & A Solutions,", mbapayroll, sales manager, hr",1
T & A Solutions,"Copyright, Team management, Renewable energySolar energy, RailwaysCV, Sales...",1
T & A Solutions,"Email, technical, HTML, mca, bootstrap, sql, Copyright, java, ui, web...",1
T & A Solutions,"Email, technical, HTML, mca, bootstrap, sql, java, ui, web, design...",1
Synchrony International Services Private Limited,"Data Quality, Financial Services, Data Management, Computer Science, Agile,...",1
Synchrony International Services Private Limited,"Computer science, metadata, Data management, Machine learning...",1
Synchrony International Services Private Limited,"Computer science, Team management, PDF, Staffing, Project management, Agile...",1
Synchrony International Services Private Limited,"Computer science, Solution architecture, Publishing, PDF...",1
Sutherland Global Services Inc,"Computer science, Customer service orientation, Dynamics CRM, Analytical...",1
Swathi Business Solutions,"Scrum Master, Agile, Agile methodology, Jira",1
Synchronomy,"Business process, Data analysis, Coding, Agile, Stored procedures, VB...",1
Synchronomy,"Computer science, Team management, PDF, IT Lead, Staffing...",1
Synchronomy,"HRM, PDF, Access management, data security, Information security...",1
Synchronomy,"remediation, Operational excellence, PDF, Process improvement...",1
Synchrony International Services Private Limited,"Automation, Coding, TDD, Project management, Integration testing, Workflow,...",1
Synchrony International Services Private Limited,"Automation, Network design, Networking, Linux, DNS, Windows, microsoft...",1
Synchrony International Services Private Limited,"Business process, Data analysis, Coding, Agile, Stored procedures, VB...",1
Synchrony International Services Private Limited,"Business process, Enterprise architecture, Information security...",1
Synchrony International Services Private Limited,"Change management, Automation, Networking, Configuration management, Active...",1
Synchrony International Services Private Limited,"Change management, Data management, Information security, Analytical...",1
Synchrony International Services Private Limited,"Change management, Data management, Information security...",1
Synchrony International Services Private Limited,"Computer science, Automation, PDF, SOA, XML, Analytical, Javascript...",1
Synchrony International Services Private Limited,"Computer science, Data management, Agile, Data quality, Informatica, Visio,...",1
Synchrony International Services Private Limited,"Computer science, HRM, PDF, Project management, Agile, Issue resolution...",1
Synchrony International Services Private Limited,"Computer science, HRM, PDF, XML, Cobol, Application development, Test cases...",1
Synchrony International Services Private Limited,"Computer science, Maven, GIT, PDF, SOA, Analytical, Agile...",1
Synchrony International Services Private Limited,"Computer science, PCI DSS, HRM, PDF, Access management...",1
Novartis Healthcare Pvt. Ltd.,"Computer science, Solution architecture, System architecture, Automation...",1
Synchrony International Services Private Limited,"Computer science, Process automation, Change management, Automation, PDF...",1
T & A Solutions,"IIS, Linux, Shell scripting, Service, Perl, Windows, Apache...",1
T & A Solutions,"channel partners, information technology max, trainer, telecom...",1
Technosoft Global Services Pvt Ltd,"campaign management, web content management, e - commerce, web content, CMS...",1
Tech Mahindra Ltd.,"SCOPE, Service Delivery Management, PMI, MPLS, Frame Relay, PMP...",1
TERRA TECHNOLOGY,"Unix, technical, configuration, tools, Technical support, scripting, RDBMS,...",1
TM Inputs & Services Pvt. Ltd.,Company Secretary,1
TOTALSKILL SIGMA PVT LTD,"digital marketing, it sales manager, business development management...",1
TRINITY CLEANTECH PRIVATE LIMITED,"Analytical skills, Proposal writing, Data analysis, Client coordination...",1
TRUNDL LABS PRIVATE LIMITED,"rest, css, confluence, crowd, clover, crucible, atlassian suite, javascript...",1
TalPro,"Cyber Security, Linux, Information Security, Security Architect, Dlp...",1
TalPro,"Cyber Security, Linux, implementation, Information Security, Dlp...",1
Talenttimes Pvt Ltd,"it implementation, software implementation, technical support...",1
Teamlease Servcies limited,"Business Partnering, Problem Solving, Business HR, Verbal Communication...",1
Tech Mahindra Ltd.,"Bi, SQL Server, Informatica, SSIS, Thai Speaking Skill...",1
Tech Mahindra Ltd.,"strategy consulting, outsourcing advisory, proposal preparation...",1
T & A Solutions,"channel partners, solutions, telecom, prepaid sales, laptop",1
Tech Ringers,"BPO, SAN, rest, Data analysis, Data migration, development, css, software...",1
Tech Ringers,"SAN, css, software, HTML, cloud, salesforce, web, design, Javascript, Agile...",1
TechKnowledgey Pte Ltd,"asp.net mvc, information technology, html5, ms sql server...",1
TechKnowledgey Pte Ltd,"css, Azure, software development, information technology, maven, it...",1
TechKnowledgey Pte Ltd,"san, it support, information technology, vmware, vcs, dns, networking...",1
TechO2 India Private Limited,"Computer science, Maven, Automation, Test execution, Performance testing...",1
Technosoft Global Services Pvt Ltd,"BPO, voice process, technical, Technical Support, Technical Sales...",1
Technosoft Global Services Pvt Ltd,"Business Process Management, Customer Relationship, Customer Service...",1
Technosoft Global Services Pvt Ltd,"Customer Service, Problem Resolution, Sales Operations, Calling, Presales...",1
Technosoft Global Services Pvt Ltd,"Financial Services, ISO 9001, Workforce Management, Finance, Scheduling...",1
TERRA TECHNOLOGY,"Unix, Service management, global operations, Linux, Analytical, Windows...",1
TERRA TECHNOLOGY,"Unix, Service management, global operations, Data center operations, Linux,...",1
TERRA TECHNOLOGY,"Supply chain, Computer science, Data management, Production support...",1
TERRA TECHNOLOGY,"Supply chain, Business process, Application support...",1
T & A Solutions,"com, bca, Email, System programming, cad, mca, Copyright, scripting, ui...",1
T & A Solutions,"copyright, information technology, sales manager, software, payrollemail...",1
T & A Solutions,"marketing executive, distributors, customer profiling, marketing manager...",1
T & A Solutions,"marketing executive, distributors, customer profiling, sales strategy...",1
T & A Solutions,"new product launches, visual merchandising...",1
T & A Solutions,"pa, cold calling, hiring, relationship building, information technology...",1
T & A Solutions,"parking, ERP, c, oracle, functions, developing, Triggers, Stored procedures...",1
T & A Solutions,"parking, Hibernate, Core Java, jQuery, IT Manager, JBoss, Weblogic...",1
T & A Solutions,"parking, c, hr solutions, it, Information technology, Process Associate...",1
T & A Solutions,"parking, server, ERP, Tomcat, software, Quality Analyst, Eclipse, database,...",1
T & A Solutions,"parking, server, html5, developing, J2Ee, HTML, tools, sql, spring, coding,...",1
T & A Solutions,"pipeline, copyright, service engineer, cv, information technology...",1
T & A Solutions,"pipeline, service engineer, sales service, medical equipment post sales",1
T & A Solutions,"service engineer, sales service, solutions, medical equipment cvpm",1
TA Digital,"jQuery, Javascript, CMS, Unit testing, Adobe, Information technology, CRM...",1
TALENTURE MANAGEMENT CONSULTING,"Management Executive, Lead Architect, SSRS, Development Lead...",1
TERRA TECHNOLOGY,"Computer science, Supply chain management, Analytical...",1
TERRA TECHNOLOGY,"Helpdesk, Linux, Network engineering, Active directory, DNS, Windows...",1
TERRA TECHNOLOGY,"Patch management, SMTP, Computer science, Performance tuning, Networking...",1
TERRA TECHNOLOGY,"Service management, global operations, Change management, Service level...",1
TERRA TECHNOLOGY,"Supply chain, Business process, Application support, Linux, XML, Analytical...",1
Novartis Healthcare Pvt. Ltd.,"Computer science, Solution architecture, System architecture...",1
Neustar MarketShare,"Technical product configuration, c++, C, design, MySQL, JavaScript...",1
Novartis Healthcare Pvt. Ltd.,"Computer science, Solution architecture, Service delivery, Architecture...",1
Cubic Transportation Systems India Pvt. Ltd.,"Training, E-learning, PDF, LMS, Networking, Illustrator, Support services...",1
Cubic Transportation Systems India Pvt. Ltd.,"Change management, Data migration, metadata, Networking, SOA, Analytical...",1
Cubic Transportation Systems India Pvt. Ltd.,"Change management, Performance management, Networking...",1
Cubic Transportation Systems India Pvt. Ltd.,"Computer science, Training, Administration, Payroll, SAP, SAP HCM, HCM...",1
Cubic Transportation Systems India Pvt. Ltd.,"Linux, Networking, XML, Software Development Manager, Agile, Windows...",1
Cubic Transportation Systems India Pvt. Ltd.,"Mining, Data analysis, Operations research, Networking, Analytical, Manager...",1
Cubic Transportation Systems India Pvt. Ltd.,"Mining, Data analysis, Operations research, Networking, Analytical, MySQL...",1
Cubic Transportation Systems India Pvt. Ltd.,"Networking, Analytical, Reconciliation, Support services, Wellness...",1
Cubic Transportation Systems India Pvt. Ltd.,"Object oriented design, Core Java, Bluetooth, Software design, GIT...",1
Cubic Transportation Systems India Pvt. Ltd.,"Performance tuning, Web services, Production support, Networking, Debugging...",1
Cubic Transportation Systems India Pvt. Ltd.,"Procurement, ERP, SAP, Networking, Helpdesk, Project management, Scheduling...",1
Cubic Transportation Systems India Pvt. Ltd.,"Unix, Computer science, Data analysis, Networking, Coding, Debugging, Toad,...",1
ConverseHR,"Unix, IT Asset Management, Network Infrastructure, Linux, Exchange Server...",1
Cubic Transportation Systems India Pvt. Ltd.,"Unix, Graphics, PLM, Computer science, Vista, Networking...",1
Cubic Transportation Systems India Pvt. Ltd.,"Unix, Wireless, TCP, Networking, Linux, WAN, LAN, DNS, Troubleshooting...",1
DLabs at the Indian School of Business,"Cloud computing, Data analysis, Social media, Machine learning, Engineering...",1
DLabs at the Indian School of Business,"Economics, Administration, CVS, LMS, Excel, Accounting, Social media...",1
DLabs at the Indian School of Business,"Statistical programming, Computer science, Data analysis...",1
DM CONSULTING (INDIA) PVT LTD,"Technical product configuration, c++, C, design, MySQL, JavaScript...",1
DXC Technology,"Change management, SAP, Project management, Configuration management...",1
DXC Technology,"Computer science, Interpersonal skills, Networking, data security...",1
DXC Technology,"Service delivery, Change management, Project management...",1
DXC Technology,"Training, Change management, Statistical analysis, Business analysis, UML...",1
CoreEdge Solutions,"Hybrid Apps, RESTful API, AngularJS, Technical Leadership...",1
Construction Specialties International India Pvt Ltd.,"C#, Asp .Net, Microsoft.Net, HTML, Coding, MySQL, Javascript, Sitecore...",1
DataRPM India Private Limited,"Aix, VMware, SAN, C++, Automation, Linux, Solaris, Configuration management...",1
Compugain Solutions India Private Limited,"IT Recruitment, Business Consulting, Negotiation Skills, Sourcing...",1
CausePointTech,"Performance tuning, c, technical, analytical, Perl, Teradata...",1
CausePointTech,"Performance tuning, server, c, oracle, analytical, Perl, Teradata, Business...",1
Client Of Sampoorna,"Java, J2EE",1
CodeCrux Web technologies(p) Ltd.,"Cold calling, IT services, Mobile application development, Sales strategy...",1
Cognia Technologies,"assembly language, Six Sigma, JavaScript, Real Time Operating Systems, .NET...",1
Cognizant Technology Solutions India Ltd,"Business Process Outsourcing, Technology Solutions, Technology Consulting...",1
Cognizant Technology Solutions India Ltd,"Test Engineering, Java, Test Execution, Robot Framework, Automation Testing...",1
Cognizant Technology Solutions India Ltd,"Test Engineering, Performance Testing, Performance Engineering, Load Runner...",1
Collabera Technologies Private Limited,"Jboss Application Server, Rest, Core Java, Web Technologies, Spring Boot...",1
Collabera Technologies Private Limited,"freshers, osmania university",1
Compugain Solutions India Private Limited,"us it recruitment, screening, technical recruitment, cold calling, sourcing",1
Construction Specialties International India Pvt Ltd.,"Application Manager, ERP, Enterprise Delivery, Oracle Cloud...",1
Computer Ware India Pvt Ltd,"Printing, Telecom, Networking, Appliances, WAN, System integration, Network...",1
Computer Ware India Pvt Ltd,"Telecom, Backend, ERP, Networking, XML, Billing, Javascript, HTML...",1
Confidential,"3D, CSS, InDesign, UI, Illustrator, Mobile UI, Javascript, HTML, Photoshop,...",1
Confidential,"CSS, Web Developer, HTML, 3D Studio, Adobe Photoshop, GifConverter...",1
Confidential,"SAP - PLM, SAP PLM, SAP PLM Consultant, SAP MM, SAP EHS, Devex",1
Confidential,"Software Development, Business Analyst, SDLC, Salesforce",1
Confidential,"Web Technologies, Technical Support, User Experience, ASP.Net, .Net, Entity...",1
Confidential,"jQuery, .Net, Entity Framework, SQL Server, MVC, Angular 4, Angular 2, ASP,...",1
Confidential,"java, data science, .net, java script, software engineering...",1
Construction Specialties International India Pvt Ltd.,"Application Development, Database Administration, MS SQL...",1
DXC Technology India Private Limited,"VMware, solution architecture, solution design, solution architect...",1
Dell International Services India Private Limited,"Application Development, Cloud Foundry, Software Engineering...",1
"Epiq Systems, Inc.","VMware, Helpdesk, Active directory, DNS, Application development...",1
EduShine Advisory Group,"Analytical skills, Proposal writing, Data analysis, Consulting, Wordpress...",1
Disha Outsourcing Pvt. Ltd.,"Copyright, Application support, Network design, Messaging, Customer support...",1
Dynpro India Pvt. Ltd.,"SAP Security, SAP S / 4 HANA, sap security consultant",1
Dynpro India Pvt. Ltd.,"s / 4hana, Sap Fiori",1
EC-Council,"information technology management, front end, project management, python...",1
ENERGYTECH GLOBAL PRIVATE LIMITED,"Angularjs, CSS, Javascript, Yii, Bootstrap, HTML, Zend, JQuery, Laravel...",1
ENERGYTECH GLOBAL PRIVATE LIMITED,"Communication Skills, Software Development, Openerp, Linux, Scrum Master...",1
ENERGYTECH GLOBAL PRIVATE LIMITED,"Openerp, Linux, Postgresql, Computer Science, Database Design...",1
EXELON CONSULTING,"assembly language, website, C, Operational Risk Consultant, HTML, ajax...",1
EXPERIAN SERVICES INDIA PVT LTD,"Computer science, VMware, PAAS, Back office, Business strategy, Open source...",1
EXPERIAN SERVICES INDIA PVT LTD,"operational support, Service level, Access management...",1
Electronic Arts,"VMware, Automation, Linux, Configuration management, DNS, HTML, SCM...",1
Digitalogy Consulting,"Xcode, SWIFT, Objective C, SDK, Mobile App Designing, iOS",1
Electronics Corporation of India Limited,NA,1
Eli Research India Private limited,"senior research analyst, market sizing, chemical research...",1
EnLume,"development, oracle, testing, tools, quality, Java Developer, cloud, spring...",1
Enervators Global IT Solutions,"Unix, server, code, technical, configuration, HTML, mca, tools, tracking...",1
Enervators Global IT Solutions,"development, critical thinking, it operations, information technology...",1
Enervators Global IT Solutions,"development, technical architecture, it operations, information technology,...",1
Enormous IT Services Pvt Ltd,"Ethical Hacking, Information Security Management, PCI DSS...",1
Enrich & Enlight,"Data Science, DataLake, DBA, data management, Docker, Hadoop, CIO, Big Data...",1
Enrich & Enlight,"iAM Service Delivery, Analyst, Kanban, iAM, Agile, Unix OS, Scrum...",1
Enrich and Enlight,"it security, Malware Analysis, Incident Investigation, ceh...",1
Dimension Data India Pvt Ltd.,"switching, jncp, network engineering, juniper cables, network security, wan...",1
Deloitte Consulting India Private Limited,"technical support, active directory, cyberark, iam, incident management...",1
Dell International Services India Private Limited,"server, code, technical, software, functions, configuration, administration...",1
Deloitte Consulting India Private Limited,"Cyber Security, Risk Governance, Cisa, ISO 27001, Information Security...",1
Deloitte,"PCI DSS, risk assessment, ISO 27001, disaster recovery, Bcp, DR...",1
Deloitte Consulting India Private Limited,"Advisory Services, ECC, Capacity Planning, NWDI, NetWeaver...",1
Deloitte Consulting India Private Limited,"Angularjs, CSS, Service Now Developer, DOM, Web Technologies, Schema...",1
Deloitte Consulting India Private Limited,"C#, Application Architecture, Software Development Methodologies...",1
Deloitte Consulting India Private Limited,"C#, CSS, Windows Forms, Dot Net Developer, Javascript, WCF, SQL Server...",1
Deloitte Consulting India Private Limited,"Change Control, Data Integrity, Customization, Salesforce.com, Agile...",1
Deloitte Consulting India Private Limited,"Cism, Cisa, Relationship Management, Finance, ISO 27001...",1
Deloitte Consulting India Private Limited,"Cism, Cloud Security Governance, Cloud Security, Cyber Security, Compliance...",1
Deloitte Consulting India Private Limited,"Cism, Root Cause Analysis, Technical Specialist...",1
Deloitte Consulting India Private Limited,"Cism, Root Cause Analysis, Technical Specilaist...",1
Deloitte Consulting India Private Limited,"Enterprise Mobility, Application Architecture, Detail Design...",1
Deloitte Consulting India Private Limited,"Windows Operating Systems, System Development, MSI, VB SCRIPT...",1
Deloitte Consulting India Private Limited,"Ethical Hacking, Checkpoint, Networking, Juniper, Security+, Ceh...",1
Deloitte Consulting India Private Limited,"ISO 27001, Compliance Management, Technology Risk, Risk Compliance, SDLC...",1
Deloitte Consulting India Private Limited,"Java, System Development, Advisory Services, Application Architecture...",1
Deloitte Consulting India Private Limited,"Multicast, Network Engineering, Networking, Bgp, Cisco Certified...",1
Deloitte Consulting India Private Limited,"Reporting Services, DTS, Unit Testing, MS Access, Project Management, SSRS,...",1
Deloitte Consulting India Private Limited,"Security Analysis, Cloud Security, Cyber Security, Finance, ISO 27001, SIEM...",1
Deloitte Consulting India Private Limited,"Software Development, Application Architecture, Technical Design...",1
Deloitte Consulting India Private Limited,"Software Development, Project Management, Web Technologies, Javascript...",1
Deloitte Consulting India Private Limited,"TBM Communications, Storyboards, Senior Analyst, Content...",1
Deloitte Consulting India Private Limited,"Technology Management, Configuration Management, IT Asset Management...",1
Career Infosystem,"C#, Reporting Services, C#.Net, Javascript, ASP.Net, MS SQL Server...",1
Career Infosystem,".Net Architect, .Net, SQL Server, Web Services",1
Cactus Communications Pvt. Ltd.,"editorial, chemistry, electronics, information technology, engineering...",1
Altruista Health,"Performance tuning, Log shipping, Sql Server 2008, MS SQL...",1
Aizant Global Analytics Pvt Ltd,"FRS, Ddlc, Documentation, URS, tech writing, Technical Writing...",1
Alien Technology Transfer,"algorithms, development, Prototype, code, technical, level...",1
Allegis Services India Pvt. Ltd.,"Infrastructure Management, Infrastructure Architecture",1
Allegis Services India Pvt. Ltd.,"Senior MSBI DEVELOPER, MSBI programmer, msbi consultant, MSBI DEVELOPER...",1
Allegis Services India Pvt. Ltd.,"it security, design development, computer science, service management...",1
Allegis Services India Pvt. Ltd.,"senoir sql engineer, sql development, sr sql developer, sql consultant, adf...",1
Alliance Global Services IT India Pvt. Ltd.,"Solution architecture, Cloud computing, Production support...",1
Altruista Health,"Change management, Business Analyst, Business analysis, Analytical...",1
Altruista Health,"ITIL certified, Unix, Computer science, Administration, Linux, microsoft...",1
Altruista Health,"PMP, Project management, Javascript, Agile, HTML, Application development...",1
Altruista Health,"Team management, Business analysis, Conflict management, Analytical...",1
Aim Computer Consulting,"Implementation partner, contract staffing, team management, Tier1 vendors...",1
Altruista Health,"Wireless, WAN, VPN, LAN, DNS, Network security, Troubleshooting...",1
Amazon India Software Dev Centre Pvt Ltd,"Automation, Data modeling, Project management, Agile...",1
Amazon India Software Dev Centre Pvt Ltd,"Automation, Project management, MySQL, Test planning, Perl...",1
Amazon India Software Dev Centre Pvt Ltd,"Computer science, Architecture, Test planning, Performance optimization...",1
Amazon India Software Dev Centre Pvt Ltd,"Computer science, Automation, Architecture, Test scripts, Access management...",1
Amazon India Software Dev Centre Pvt Ltd,"Computer science, Cloud computing, Access management, Consulting, Presales,...",1
Amazon India Software Dev Centre Pvt Ltd,"Computer science, Cloud computing, SAP, Access management, IT strategy...",1
American Technology Consulting,"human capital, Performance management, Legal compliance, Talent acquisition...",1
Analytics Vidhya Educon Pvt. Ltd,"Computer science, Bfsi, Process improvement, Data collection, Data Analyst,...",1
Analytics Vidhya Educon Pvt. Ltd,"data science, SAS, MySQL, HTML, Business intelligence, MATLAB...",1
Aizant Global Analytics,"Healthcare, Life sciences, Operations, Technical documentation",1
Affluent Global Services Pvt. Ltd.,"technical writer, content strategist, sharepoint, structural design...",1
CYNIX LABS PRIVATE LIMITED,"cloud, XML, Web Technologies, SAAS, MySQL, Javascript, PHP, HTML...",1
"ATMECS Technologies Pvt., Ltd.","JAVA, development, testing, Perl, script, MAVEN, automation, JUNIT...",1
7 bits Technologies LLP,"Computer science, Version control, Web technologies, Analytical, Javascript...",1
A L B Enterprises (India) Private Limited,"Computer science, Email, Coding, System integration, Web development...",1
A L B Enterprises (India) Private Limited,"Computer science, Email, Web development, Javascript, Agile, HTML...",1
ACME College of Engineering,"sciences, bca, m sc, b sc, fluency in, mca, telecom, teaching",1
ACME College of Engineering,"sciences, bca, m sc, computer, b sc, information technology...",1
ACS Global Tech Solutions Pvt. Ltd.,"Java, CSS, Rest, Design Patterns, Javascript, Spring Boot, HTML, J2Ee...",1
ADLER SERVICES,"it hiring, IT Recruiter, IT Recruitment, technical recruitment, recruiter...",1
ANTRA INFO SOLUTIONS PVT. LTD,"Use Cases, System Analysis, Business Process, Data Analysis...",1
ANTRA INFO SOLUTIONS PVT. LTD,"Zoho projects, Project Management, Zoho, Project Manager...",1
ARISE SOFTWARE SOLUTIONS,"Technical product configuration, c++, development, C, application, design...",1
AXCESS CONSULTANCY SERVICES,"MVVM, Agile development, Swift, ios development, Information technology",1
Affluent Global Services Pvt. Ltd.,"powershell, Packaging, SCCM, deployment",1
AXCESS CONSULTANCY SERVICES,"continuous integration, Spring mvc, Web services, Payment systems...",1
Abjayon Technologies Pvt. Ltd.,"Database architecture, SQL queries, ERP, Oracle CRM, Analytical, Focus...",1
Acme Professionals,"Purchase Executive, Acme, Campus recruitment, Interviewing...",1
Adaequare Info Private Ltd.,"Inside Sales, Digital Transformation, product selling, Sales Management...",1
Adaequare Info Private Ltd.,"Product Development, Team Handling, Selling, Inside Sales...",1
Addon Technologies Inc.,"Staffing, Information technology management, Management",1
"Advanced Micro Devices, Inc.","Unix, Graphics, Automation, Linux, Chip design, Shell scripting, CAD...",1
Aegan Technologies pvt ltd,"Hibernate, JCL, Db2, Data modeling, Cobol, Shell scripting, TIBCO...",1
Affluent Global Services,"Automation Engineer, server automation",1
Affluent Global Services Pvt. Ltd.,"docummentation, editor, technical writer...",1
Anantha Cyber Tech Pvt Limited,"Maven, CVS, software, Back office, developing, Apache Tomcat...",1
Anantha Cyber Tech Pvt Limited,"Sales, C, .net, developer, ASP.Net MVC, Information technology, SQL",1
Anantha Cyber Tech Pvt Limited,"Sales, Javascript, developer, Information technology",1
C3i Support Services Private Limited,"Communication Skills, Presentation Skills, Need Analysis...",1
BSS BUSINESS CONSULTANCY PRIVATE LIMITED,"Hibernate, Core Java, Stored Procedures, Eclipse, Subversion...",1
Balajee Infratech And Constructions Pvt. Ltd.,"Project Manager Construction, Civil Project Management...",1
Bedouin,"trading, trade finance, structured finance, deal structuring, syndication...",1
Berkadia Services India Pvt. Ltd.,"technical support, it support, active directory, remote support...",1
Bharat Institutions- Division of Chinta Reddy,"Professor Activities, Communication Skills, Education, Providing Training...",1
Bombay Swadeshi Stores Limite,"Sales, Stock Management, Stock Control, Store Management...",1
Brainfuse,"Learning, education, Tutoring, mathematics, Online Tutor, Computer Science,...",1
Brains & Machines Innovative Solutions,"Computer science, Process design, Database design, Technical design...",1
Brains & Machines Innovative Solutions,"Computer science, Stress testing, Automation, Test scripts...",1
Brains & Machines Innovative Solutions,"server, technical, Web development, HTML, JSON, microsoft, research, web...",1
CBRE,"MRI Applications, System Design, Power BI, SSRS, SQL Server, Tableau, Yardi...",1
Anantha Cyber Tech Pvt Limited,"Sales, Strategy development, Information technology, Recruitment",1
CBRE,"Technical Architect, Golang, Enterprise Information Architecture, DevOps...",1
CC Staffing International,"Solution architecture, Ubuntu, Cloud computing, Network administration...",1
CC Staffing International,"c++, technical, software, DNS, networking, analytics, cloud, coding, web...",1
CES Ltd.,"Angularjs, EF, Web Api, dot net core, Micro Services, react...",1
CES Ltd.,"Business Process Management, IOS Developer, ios software engineer...",1
CORSALITE EDUCATION SERVICES PRIVATE LIMITED,"sales operations, implementation manager, project management, pmp...",1
COTELLIGENT INDIA PVT LTD,"Product Strategy, Product Development, Developing Marketing Strategies...",1
CSC India Pvt Ltd.,"Change management, SAP, ISO, Project management, Configuration management...",1
CSC India Pvt Ltd.,"SAP, Business analysis, Project management, Customer relationship...",1
CST 2000(INDIA) Pvt Ltd,"Interviewing Candidates, Screening, Linkedin, IT Recruitment, Dice, Hiring,...",1
BEST WISHES ESTORE PRIVATE LIMITED,"ERP, Drupal, Coding, MySQL, Wordpress, CMS, PHP, CakePHP, Joomla, CRM",1
BACentric Solutions,"Retail, performance, Ad, istering, analysis, sales",1
BA Continuum India Pvt. Ltd,CFA Fresher,1
Ayan Consultancy,"Project analysis, Project management, Budgeting, Information technology",1
Anantha Cyber Tech Pvt Limited,"Sales, Technical Lead, J2Ee, Information technology",1
Anantha Cyber Tech Pvt Limited,"development, DOM, Deployment, Warehouse management, Information technology,...",1
Anantha Cyber Tech Pvt Limited,"server, Hibernate, development, code, technical, Performance optimization...",1
Anantha Cyber Tech Pvt Limited,"spring, Spring mvc, Core Java, jQuery, Sales, java, PLSQL, developer, mvc...",1
Anewa Engineering Private limited,"oil, gas, petrochemical",1
Anna IT Services,"Drupal, Opencart, Wordpress, MySQL, Developer/, Technical Leadership...",1
Anna IT Services,"Drupal, Opencart, Wordpress, MySQL, Technical Leadership...",1
Anvayin Systems Pvt Ltd,"rest, development, css, html5, Eclipse, mobile, developing, HTML, bootstrap...",1
Anvayin Systems Pvt Ltd,"server, development, UX, c, software, android, mobile, developing...",1
Apex Covantage India Pvt Ltd,"process, Publishing, XML, Content, Media, .Net, developer, Data mining, net...",1
Apogee Services Private Limited,"Core Java, Design Patterns, Cq5, Javascript, Aem, Bootstrap, JQuery, ExtJS,...",1
Apps Associates (I) Pvt. Ltd,"Risk Mitigation, Operational Excellence, Project Management...",1
Associated Recruitment & Management Services Pvt Ltd,"Agile Methodology, PMP, Business Solutions, Project Management...",1
Atos Pvt Ltd,"BPO, Printing, TSO, Application support, Consulting, Scheduling, Operations...",1
Atos Pvt Ltd,"BPO, VMware, Automation, Linux, Consulting, Deployment, Windows...",1
Atria Convergence Technologies Ltd,"Enterprise Architecture, pmp, delivery manager, project manager...",1
AutoRABIT,"Computer science, Web technologies, devops, IT support, Salesforce.com...",1
Avantha Technologies Limited,"Java Developer, Java, J2Ee Programmer, Java J2Ee Developer, J2Ee...",1
Avantha Technologies Limited,"PL / SQL, PLSQL Developer, PLSQL, PLSQL Programmer, Senior Plsql Developer",1
Axelta Systems Pvt.Ltd,"Wireless, EMI, Automation, C++, Online marketing, EMC, Power supply...",1
Ayan Consultancy,"Project analysis, Project management, Application programming, Budgeting...",1
"Epiq Systems, Inc.","Performance tuning, Content management, Networking...",1
"Epiq Systems, Inc.","VMware, Helpdesk, Active directory, DNS, Windows, microsoft, cisco...",1
Novartis Healthcare Pvt. Ltd.,"Computer science, Solution architecture, Automation, PAAS, Machine learning...",1
Micron Technology Operations India LLP,"TCP, Audio Visual, Architecture, IP, Computer Science, LAN, OSI Model...",1
Micron Technology Operations India LLP,"High Availability, Database Administration, SSRS, MS SQL Server...",1
Micron Technology Operations India LLP,"Infrastructure Automation, system analysis, CI / CD, PowerShell DSC...",1
Micron Technology Operations India LLP,"Integration Services, Reporting Services, SSAS, Analysis Services, Business...",1
Micron Technology Operations India LLP,"MDX, Integration Services, Reporting Services, SSAS, Analysis Services...",1
Micron Technology Operations India LLP,"MVC Framework, MySQL, Javascript, Bootstrap, JSON, HTML, Node.Js, JQuery...",1
Micron Technology Operations India LLP,"Microsoft Exchange, MS Exchange, MS Active Directory, Disaster Recovery...",1
Micron Technology Operations India LLP,"SAP ECC, Service Level, Sap Portal, Disaster Recovery, NetWeaver, Sap Hana,...",1
Micron Technology Operations India LLP,"SQLT, Data Guard, Performance Tuning, TKPROF, TFA, RMAN, SQL design, OLTP /...",1
Micron Technology Operations India LLP,"SS, Business Intelligence, Microsoft BI tool stack, SSAS...",1
Micron Technology Operations India LLP,"Service Improvement, User Support, Customer Support, Networking...",1
Micron Technology Operations India LLP,"TCP, IP Telephony, Networking, Computer Science, DNS, Load Balancing, SIP...",1
Micron Technology Operations India LLP,"Data Management Analyst, Quality Monitoring, Data Quality, Excel Powerpoint...",1
Micron Technology Operations India LLP,"Test Engineering, Testing Tools, Regression Testing, Retesting...",1
Micron Technology Operations India LLP,"Troubleshooting Skills, Customer Service, Desktop Support...",1
Micron Technology Operations India LLP,"operations, information technology, problem analysis, quality standards...",1
Micron Technology Operations India LLP,"quality analysis, Change Management, data quality, Lean, data management...",1
Micron Technology Operations India LLP,"release management, project management, Automation, product support...",1
Micron Technology Operations India LLP,"risk management, IT Risk Management, Cisa, Audit Compliance...",1
Micron Technology Operations India LLP,"sql development, ssas, ms sql server, qlik, business intelligence, plsql...",1
Micron Technology Operations India LLP,"technical support, field support, service desk, active directory...",1
Micron Technology Operations India LLP,"test management, K2, test cases, business rules, system support, powerbi...",1
Mindblu Technologies Pvt Ltd,"Computer science, Electrical engineering, NoSQL, RDBMS, Coding, Javascript,...",1
Micron Technology Operations India LLP,"Development Testing, Design Development, Computer Science, Business Process...",1
Micron Technology Operations India LLP,"C#, operational support, system integration, software development...",1
Mindblu Technologies Pvt Ltd,"PLM, System architecture, XML, Javascript, JSON, MVC...",1
Merkle Inc.,"server, Automation, development, code, Informatica, SSIS...",1
Menlo Technologies,"Computer science, jQuery, GIT, NoSQL, Data modeling, HTML, developer, JIRA,...",1
Menlo Technologies,"Performance tuning, Log shipping, Automation, GIT, Networking...",1
Menlo Technologies,"UI development, jQuery, Front end, Architecture, ui, Coding, Analytical...",1
Menlo Technologies,"Unix, Computer science, Version control, Linux, Postgresql, MySQL...",1
Menlo Technologies,"server, development, software, Server management, developing...",1
Merkle Inc.,"Change management, Linux, Infrastructure management, Customer service...",1
Merkle Inc.,"Computer science, Operations research, Financial analysis, Analytical, SSRS...",1
Merkle Inc.,"Solution architecture, Automation, Networking, EMEA, GCP, Consulting...",1
Merkle Inc.,"VMware, Automation, Linux, Networking, Active directory, Perl, Windows...",1
Merkle Inc.,"VMware, Linux, VB SCRIPT, DNS, Perl, Firmware, CCNA, Troubleshooting, cisco...",1
Metmox Software Solutions India Pvt. Ltd.,"International Sales, B2B, Cyber Security, networking sales, Bdm, Sales Lead...",1
Micron Technology Operations India LLP,"Application Programming, Software Development, Web Technologies...",1
Micron Semiconductor Asia Pte Ltd,"Business process, IT risk, Semiconductor, Cisa, ISO, Risk analytics...",1
Micron Semiconductor Asia Pte Ltd,"Computer science, Change management, Analytical, Customer support, cisco...",1
Micron Semiconductor Asia Pte Ltd,"Computer science, ERP, SAP ERP, HP data protector, Database...",1
Micron Semiconductor Asia Pte Ltd,"Customer Service, Desktop Support, Computer Hardware, System Administration...",1
Micron Semiconductor Asia Pte Ltd,"ERP, Automation, Business analysis, SSRS, Agile, Scrum, SSIS...",1
Micron Semiconductor Asia Pte Ltd,"ERP, Automation, Business objects, SSRS, SSIS, Business intelligence...",1
Micron Semiconductor Asia Pte Ltd,"ERP, Semiconductor, XML, Agile, Customer service, EDI, Troubleshooting...",1
Micron Semiconductor Asia Pte Ltd,"Performance tuning, ERP, Automation, Business objects, SSRS, SSIS, Business...",1
Micron Semiconductor Asia Pte Ltd,"Technology Management, Service Level, Customer Service, Project Management,...",1
Micron Semiconductor Asia Pte Ltd,"jQuery, Coding, Web development, Javascript, HTML, Apache, SSIS, Teradata...",1
Mindblu Technologies Pvt Ltd,"Computer science, Illustrator, Analytical, Javascript, HTML, Visio...",1
Mount Talent Consulting Private Limited,"C#, CSS, Kendo Ui, HTML, SQL Server, WPF, .NET Framework, Angular...",1
Evision Technoserve Pvt Ltd,"MCSA, electronics, information technology, eee, microsoft certified, ece...",1
Novartis Healthcare Pvt. Ltd.,"Change management, Compliance, Pharma, Pharmacy, GLP, data integrity...",1
NetScore Technologies Pvt. Ltd.,"project scheduling, netsuite implementation, netsuite, salesforce...",1
Netrovert Software Private Limited,"SOA, technical, it, Middleware, Information technology...",1
3D India Staffing Research Consulting Pvt Ltd,"bd, Sales, Regional Sales Manager, Regional Sales, Sales Management...",1
"Neustar, Inc","Computer science, Tools, Data processing, Business intelligence...",1
Newt Global India Private Limited,"Jboss Application Server, Rest, Core Java, Web Technologies, Spring Boot...",1
Novartis Healthcare Pvt. Ltd.,"Access management, Information security, Active directory...",1
Novartis Healthcare Pvt. Ltd.,"Automation, Technical management, Information security...",1
Novartis Healthcare Pvt. Ltd.,"Business process, PMP, Data conversion, Enterprise architecture...",1
Novartis Healthcare Pvt. Ltd.,"Business services, ERP, Service level, Consulting, ITSM, Healthcare...",1
Novartis Healthcare Pvt. Ltd.,"Business services, Problem management, Healthcare, Customer service...",1
Novartis Healthcare Pvt. Ltd.,"Change management, People development, IT strategy, Pharma, Life sciences...",1
Needa Software Solutions Pvt Ltd,"C#, Angularjs, IIS, OOPS, MS SQL Server, Entity Framework, ASP.Net MVC...",1
Novartis Healthcare Pvt. Ltd.,"Computer science, Analyst, Data analysis, SAS, Machine learning, QlikView...",1
Novartis Healthcare Pvt. Ltd.,"Computer science, Business process, Application support, Change management,...",1
Novartis Healthcare Pvt. Ltd.,"Computer science, Business services, Content management, Architecture...",1
Novartis Healthcare Pvt. Ltd.,"Computer science, Business services, Pharma, Healthcare, Life sciences...",1
Novartis Healthcare Pvt. Ltd.,"Computer science, Data analysis, Operations research, data science, Pharma,...",1
Novartis Healthcare Pvt. Ltd.,"Computer science, People development, IT strategy, Pharma, Life sciences...",1
Novartis Healthcare Pvt. Ltd.,"Computer science, Performance management, IT strategy, Healthcare...",1
Novartis Healthcare Pvt. Ltd.,"Computer science, RSS, DTD, XML, Consulting, Oracle, Information technology...",1
Novartis Healthcare Pvt. Ltd.,"Computer science, Solution architecture, Automation, Architecture, PAAS...",1
Novartis Healthcare Pvt. Ltd.,"Computer science, Solution architecture, Automation, GIT, PAAS...",1
Neer Kamal Job Consultancy,"Java, Software Development, it development, hardware programming...",1
NebuLogic Technologies,"server, ERP, technical, Project management, Technical support, sql, cloud...",1
NEER INTERACTIVE SOLUTIONS (P) Ltd,"development, erp, client managementcumentationales process...",1
Napier HealthCare,"Computer science, Product launch, Publishing, Project management, Workflow,...",1
NEILMED DEVICES PVT LTD,"C#, Java, suitescript, suiteflow, CSS, VB.NET, Github, suitetalk, HTML...",1
NISC Exports Services (p) Ltd,"Ticketing, Publishing, Service desk, Analytical, Windows mobile...",1
NISG (National Institute for Smart Government),"Database Administration Postgre, DBA Postgre",1
NISG (National Institute for Smart Government),"Hibernate, Core Java, HTML5, JavaScript, JSON, J2EE, CoreJava, CSS3",1
NISG (National Institute for Smart Government),"Network Configuration, Networking, Network Security, Network Maintenance...",1
NISG (National Institute for Smart Government),"SAN, Open Source, ISCSI, Remote Support, Disaster Recovery, NFS...",1
NTT Global Delivery Services Limited,"IT services, Automation, development, sap, technical, Schema...",1
NTT Global Delivery Services Limited,"Procurement, IT services, Supply chain, Automation, Change management, Baan...",1
Nagarjuna Fertilizers and Chemicals Limited.,"PMP, Project Management, Scope Management, Scheduling...",1
Napier HealthCare,"Business Analyst, Business analysis, Analytical, Workflow, CMMI, Healthcare...",1
National Recruiting Firm US Based,"it recruitment, recruiter, Technical Recruitment",1
NebuLogic Technologies,"development, information technology, technical, configuration, methods...",1
Naukri Premium - Employer Services,"IT Audit, Data Integrity, Technology Audit, IT Risk, Compliance, Accounting...",1
Naukri Premium - Employer Services,"Team Management, Team Handling, Business Process Management, IT Risk, ITGC,...",1
Naukri Premium - Employer Services,"css, java, angular js, html5 html 5, j2ee, html, javascript",1
NebuLogic Technologies,"Cloud computing, ERP, Automation, Business Analyst, Project management...",1
NebuLogic Technologies,"Cloud computing, server, ERP, Automation, technical, Project management...",1
NebuLogic Technologies,"Computer science, Analytical skills, Core Java, Java web services...",1
NebuLogic Technologies,"development, Business Analyst, technical, configuration, methods, testing...",1
NebuLogic Technologies,"development, erp, project management, automation, operations, port...",1
NebuLogic Technologies,"development, erp, project management, technical support, automation...",1
NebuLogic Technologies,"development, information technology, computer science, documentation...",1
Menlo Technologies,"Computer hardware, Networking, Linux, Intranet, PAAS, Disaster recovery...",1
Melstar Information Technologies Ltd,"devops sr. it programmer, devops, devops sr. software programmer...",1
Marriott,"Supervisor, Training, Administration, Tactical planning...",1
HUSYS CONSULTING LIMITED,"Computer science, Memory management, Eclipse, Postgresql, Agile, HTML...",1
Gladwin Analytics,"Business process, Computer science, Linux, MySQL, Application development...",1
Global Enterprise Tech Resources Private Limited,"Aa, Cca, fico, MM, SAP, Costing, Accounting, GL, Ams, Sap Hana...",1
GlobalData,"c#, asp.net mvc, information technology, web technologies, asp.net, .net...",1
Gowra Bits & Bytes,"Computer science, Promotion planning, Action plan, Relationship building...",1
Gowra Bits & Bytes,"Computer science, Target, Tracking, Relationship building, Instrumentation,...",1
Great Sports Infra,"Civil construction, Costing, Claims, Project management, Reconciliation...",1
Great Sports Infra,"Civil, Costing, Claims, AutoCAD, Project management, Reconciliation...",1
Great Sports Infra,"Usage, Costing, Claims, Project management, Reconciliation, Troubleshooting...",1
Great Sports Infra,"vendor management, development, project management, boq, claims...",1
HR CENTRAL,"erp, oracle erp, payroll, gst SAP, taxation, reconciliation",1
HUSYS CONSULTING LIMITED,"JAVA, Business Analysts, development, Architects, XML, design, MySQL, PHP...",1
GJS Infratech Pvt.Ltd,"Computer science, Windows administration, CSS, Javascript, HTML...",1
Han Digital Solution (P),"Unix, Hibernate, jQuery, Linux, UML, JSP, Struts, HTML...",1
HeadPro,"Technical Architect, system development, System architecting...",1
Hetero Drugs Limited,"email marketing, software information technology business development, bd...",1
High Noon Consulting Pvt Ltd,"SAP, Software packages, Test scripts, Analytical, Billing...",1
Humint Global,"Business Analyst, Senior Management, Data Modeling, Business Analysis...",1
Hyderabad Race Club,"Computer science, management information system, INFORMATION TECHNOLOGY...",1
IB Services & Technologies,"Computer science, MS SQL, Data conversion, SSRS...",1
IB Services & Technologies,"control and assurance methodologies, project management, FP and A...",1
IBM India Pvt. Limited,"IntelliJ, Serialization, Java, Maven, Hibernate, DAO, Aop, JSP, Application...",1
IMPJobs.com,"C++, SAP, Project management, Moss, Flex, Software Engineer 2, Windows, WCF...",1
GeekTek,"IT services, Time management, Legal, Corporate, Legal research, Research...",1
GD Research Center Pvt Ltd,"Object oriented design, T-SQL, server, bca, development, code, technical...",1
Marolix technology solution,"Mobile application development, development, code, technical, software...",1
FASTRA CORPORATION PRIVATE LIMITED,"project management, fiori catalogs, cyber security, BI...",1
Evision Technoserve Pvt Ltd,"electronics, information technology, eee, ece, micro - controllers, plc...",1
Evision Technoserve Pvt Ltd,"electronics, it support, information technology, eee, ece, networking...",1
Evision Technoserve Pvt Ltd,"electronics, python, information technology, eee, ece, micro - controllers,...",1
Evoke Technologies Pvt. Ltd.,"Non Voice Process, semi voice, Fraud Analyst, communication skills...",1
Experia Services,"Audit, Reconcilation, Finance, Billing, Service Tax Return, GST, Taxation...",1
Experia Services,"Team Management, Lead Generation, concept sales, B2B sales, Direct Sales...",1
Experis India,"BPO, Law enforcement, Aviation, Pharma, Life sciences, ITES...",1
"F5 Networks, Inc","Product management, Computer science, orchestration, Linux, Coding...",1
"F5 Networks, Inc","Ticketing, Network design, Project management, Information security, Active...",1
FASTRA CORPORATION PRIVATE LIMITED,"Cism, Cyber Security, Cisa, Application Security, Project Management...",1
FORTIFIED INFOTECH (OPC) PRIVATE LIMITED,"PeopleSoft, sap hcm, Oracle HRMS",1
Futurepoint Technologies,"JCL, Tomcat, XML, JSP, Cobol, PHP, JDBC, HTML, Ajax, Android",1
FactSet Systems India Pvt Ltd,"Web technologies, Networking, Analytical, Client support, Management...",1
FactSet Systems India Pvt Ltd,"Web technologies, Networking, Analytical, Client support...",1
Family Health Plan (TPA) Ltd,"jQuery, LINQ, Web technologies, Winforms, WCF, WPF, ASP.Net MVC...",1
Franklin Templeton International,"Automation, System design, Application development, HTTP, System Analyst...",1
Franklin Templeton International,"Microstrategy, Business objects, SAS, Data modeling, HTTP...",1
Franklin Templeton International,"Microstrategy, Business objects, SAS, XML, Application development, HTTP...",1
Franklin Templeton International,"Relationship management, IT services, Automation, Windows, microsoft...",1
Franklin Templeton International,"Team management, Performance management, Mutual funds, Analytical, Hyperion...",1
Franklin Templeton International,"Tomcat, Linux, Production support, XML, Project management...",1
Future Now Consulting,Implement and develop scalable solutions....,1
INITIATEFIRST INFORMATION SERVICES PRIVATE LIMITED,"hive, Application design, Architecture, spark, Hadoop, Cloud...",1
INTERFACE CONSULTANCY SERVICES,"software skills, good communication skills, IT Skills, desktops skills...",1
IPP Global Technologies Pvt Ltd,"Graphics, Computer science, C++, User interface designing...",1
Larsen Toubro Limited,"Java, Web Application Security, cyber security, Application Security...",1
KEWILL,"Computer science, Career development, Automation, Technical operations...",1
KEWILL,"VMware, SAN, JBoss, Cognos, Shell scripting, Server Maintenance, PHP, Perl,...",1
Kanary Staffing Private Limited,"Automation, Arabic, OS, information technology, Arabian, Windows, IT...",1
Kanary Staffing Private Limited,"Automation, Arabic, OS, information technology, Arabian, automation testing...",1
Kanary Staffing Private Limited,"market data analyst, Market data research, Financial Market analyst...",1
Kanary Staffing Pvt. Ltd.,"C#, LINQ, RDBMS, Design Patterns, OOPS, .Net, ASP, SQL",1
Karvy Group,Head Information Technology,1
Kenil Management Services Pvt. Ltd,"Administration management, Business administration, Operations management...",1
Krinotek,"DevOps, Solr, DB2, RDBMS, Continuous Integration, PostgreSQL, Cloud, MySQL,...",1
Larsen & Toubro Infotech Limited,"Consulting, Banking, CMS, FAS, Vision Plus, Information technology",1
LoginRadius Inc.,"Manual testing, Testing tools, Javascript, Agile, PHP, HTML...",1
IQVIA,"Analyst, Service level, Project management, Social media, Healthcare...",1
LogonB2B Soft Solutions Pvt. Ltd.,"software, E-commerce, HTML, Research, Information technology, Joomla...",1
Lubrizol Advanced Materials India Pvt Ltd,"Computer science, Performance tuning, Supply chain management, Coding...",1
M/s Bpk Tech Services India Pvt Ltd,"Software Developer, Software Development, jQuery, it programming, .Net...",1
MAQ Software,"Computer science, English, Customer interactionSystems Engineer...",1
MAQ Software Hyderbad Pvt Ltd,"Lean development, Unit Testing, Power Bi, OLAP, Visual Studio, CSS3...",1
Maanyam Business Solution Pvt. Ltd.,"information technology, business development, presales...",1
Machint Solutions Pvt Ltd,Technical Architect,1
Magneto Home Private Limited,"css, information technology, core php, full stack developer, bootstrap, it,...",1
Manomay Consultancy Services,"Process design, Business process, Claims, Underwriting, Project management,...",1
Manomay Consultancy Services,"Process design, Reinsurance, Claims, Business analysis, Analytical...",1
KARVY INNOTECH LIMITED,"Presentation Skills, Networking, Infrastructure Services...",1
KAMMS Management Consultants Private Limited,"Oracle Weblogic Application Server, SOA, OAG, oracle weblogic web server...",1
JJOIS CONSULTANTS PRIVATE LIMITED,"Professor, IT Faculty, it professor, computer science, Associate Professor,...",1
Invesco (India) Pvt Ltd,"Software Development Life Cycle, Process Transition, Scrum Master, Agile...",1
IQVIA,"Statistical programming, GCP, Social media, Programming, Healthcare...",1
ISB,"Cloud computing, Data analysis, Social media, Machine learning, Engineering...",1
ISB,"Statistical programming, Computer science, Data analysis...",1
IT Niche India Pvt. Ltd,", server, development, soft skills, wordpress, cms, joomla, ajax...",1
IT Niche India Pvt. Ltd,"Drupal, jQuery, XML, Wordpress, Javascript, PHP, HTML, Photoshop, Joomla...",1
IT Niche India Pvt. Ltd,"c#, server, development, cms, HTML, Windows, tools, Joomla, DHTML, sql...",1
IT Niche India Pvt. Ltd,"c#, server, development, soft skills, hiring, information technology...",1
IT Niche India Pvt. Ltd,"c#, server, development, soft skills, stores, cms, specification, joomla...",1
IT Niche India Pvt. Ltd,"coding, soft skills, information technology, wap, english, cms, php, adobe,...",1
IT Niche India Pvt. Ltd,"indesign, dreamweaver, graphic designing, php, photoshop, web development...",1
IT Niche India Pvt. Ltd,"server, development, CMS, it, Joomla, SQL, Drupal, database, jQuery...",1
Indmax IT Services Pvt Ltd,"Communication Skills, B Tech Fresher, Graduate Trainee, Software Trainee...",1
Inovies Consulting Pvt Ltd,"cold calling, information technology sales...",1
Inplenion International AG,"Computer science, Technical Expert, Hyperion, Consulting, Presales, Oracle,...",1
Inplenion International AG,"Computer science, Technical Expert, Hyperion, Social media, Consulting...",1
International Information Technology Team,"us it recruiter, Social Networking, Hiring, dice, 1099, Sourcing, H1, US IT...",1
International Institute of Information Technology,"record, teaching, Medical, Reimbursement, research",1
Invesco (India) Pvt Ltd,"Business Intelligence, Oracle Apps, Project Management, OAF, Agile, PLSQL...",1
Invesco (India) Pvt Ltd,"Interfaces, OAF, PLSQL, Essbase, PL, ETL, Obia, OBIEE, SQL, Oracle Forms",1
Invesco (India) Pvt Ltd,"Process Consulting, Oracle Managed Service, Requirement Gathering...",1
Invesco (India) Pvt Ltd,"Security Audit, Cyber Security, Vendor Audit, Penetration Testing...",1
teradata corporation s,"Unix, development, c, code, software, Debugging, System programming...",1
